               epoch,      train/box_loss,      train/obj_loss,      train/cls_loss,   metrics/precision,      metrics/recall,     metrics/mAP_0.5,metrics/mAP_0.5:0.95,        val/box_loss,        val/obj_loss,        val/cls_loss,               x/lr0,               x/lr1,               x/lr2
                   0,            0.078913,            0.052401,            0.015259,             0.52607,              0.6164,              0.5538,              0.2047,            0.057797,            0.033902,           0.0043082,            0.070045,           0.0033283,           0.0033283
                   1,            0.059248,             0.04062,           0.0049287,              0.7893,             0.73597,             0.76995,             0.30765,            0.048914,            0.033471,           0.0039289,             0.03998,           0.0065957,           0.0065957
                   2,            0.054737,            0.039506,           0.0040265,             0.87003,              0.7814,             0.83924,              0.3628,            0.045646,            0.032927,           0.0032727,           0.0098476,            0.009797,            0.009797
                   3,            0.049343,            0.038249,           0.0034682,             0.89479,             0.79993,             0.85504,             0.37026,            0.044636,            0.032857,            0.002616,            0.009703,            0.009703,            0.009703
                   4,            0.046804,            0.038616,           0.0030983,             0.88313,              0.8102,             0.84799,             0.36768,            0.044833,            0.032789,           0.0024392,            0.009703,            0.009703,            0.009703
                   5,            0.044806,            0.038643,           0.0024791,             0.90574,             0.80415,              0.8657,             0.38379,            0.043635,            0.032222,           0.0030107,            0.009604,            0.009604,            0.009604
                   6,            0.043291,             0.03672,           0.0023389,              0.8917,             0.80725,             0.86871,             0.39384,            0.043009,            0.032969,           0.0028509,            0.009505,            0.009505,            0.009505
                   7,            0.042398,            0.037149,            0.002257,             0.90247,             0.82741,             0.88322,             0.40336,            0.042215,            0.032092,           0.0023092,            0.009406,            0.009406,            0.009406
                   8,            0.041744,            0.036472,           0.0019639,             0.89944,             0.82585,             0.88269,             0.40342,            0.042401,            0.032025,           0.0025192,            0.009307,            0.009307,            0.009307
                   9,            0.041322,            0.036352,           0.0017466,             0.91811,             0.82071,              0.8819,             0.40043,            0.042666,            0.032356,           0.0028864,            0.009208,            0.009208,            0.009208
                  10,            0.040906,            0.035931,           0.0016155,             0.90317,             0.82457,             0.87697,             0.40512,            0.042586,            0.032575,            0.002492,            0.009109,            0.009109,            0.009109
                  11,            0.040225,            0.035524,           0.0016146,             0.89841,             0.82183,              0.8817,             0.40555,            0.042359,            0.032724,            0.002513,             0.00901,             0.00901,             0.00901
                  12,            0.039776,            0.036187,           0.0015096,              0.9007,             0.81987,             0.87177,             0.39818,            0.042869,             0.03246,           0.0022288,            0.008911,            0.008911,            0.008911
                  13,             0.03953,            0.035212,            0.001437,             0.89883,             0.84076,             0.88012,             0.40758,             0.04245,             0.03231,           0.0021879,            0.008812,            0.008812,            0.008812
                  14,            0.039408,            0.035103,           0.0013097,               0.907,              0.8329,             0.89002,             0.41038,            0.042147,            0.032105,           0.0020733,            0.008713,            0.008713,            0.008713
                  15,            0.038883,            0.035254,           0.0012775,             0.90799,             0.84183,             0.88814,             0.41456,            0.042258,            0.032275,           0.0026068,            0.008614,            0.008614,            0.008614
                  16,            0.038462,             0.03433,            0.001188,             0.91574,             0.83956,             0.89107,             0.41191,            0.042041,            0.032152,           0.0023869,            0.008515,            0.008515,            0.008515
                  17,            0.038669,            0.034579,           0.0012094,             0.91126,             0.82908,             0.88217,             0.40894,            0.042179,            0.032307,           0.0021532,            0.008416,            0.008416,            0.008416
                  18,            0.038223,            0.034661,           0.0010994,             0.91956,             0.83078,             0.87925,             0.40823,            0.042309,            0.032453,           0.0023235,            0.008317,            0.008317,            0.008317
                  19,            0.037826,            0.034101,           0.0011511,             0.92054,             0.83779,             0.88827,             0.40969,             0.04206,            0.032405,           0.0026678,            0.008218,            0.008218,            0.008218
                  20,            0.037596,            0.033617,          0.00098667,             0.92525,             0.83311,             0.88483,             0.41391,             0.04255,            0.033005,           0.0018945,            0.008119,            0.008119,            0.008119
                  21,             0.03767,            0.034406,           0.0011269,             0.92422,             0.84035,              0.8939,             0.41142,            0.042117,            0.032429,           0.0020336,             0.00802,             0.00802,             0.00802
                  22,            0.037328,            0.033786,           0.0011121,             0.90844,             0.84468,             0.88235,             0.40431,            0.042303,            0.032251,           0.0021348,            0.007921,            0.007921,            0.007921
                  23,             0.03726,            0.033444,          0.00099397,              0.9118,             0.83824,             0.87384,             0.40376,            0.042391,            0.032346,           0.0022899,            0.007822,            0.007822,            0.007822
                  24,            0.036511,            0.032994,          0.00096733,             0.91375,              0.8422,             0.88077,             0.41352,            0.041783,            0.032926,           0.0019099,            0.007723,            0.007723,            0.007723
                  25,            0.036355,            0.033653,            0.000896,             0.90642,             0.83752,             0.88181,             0.40047,            0.042849,            0.032667,            0.002206,            0.007624,            0.007624,            0.007624
                  26,            0.036261,            0.032673,          0.00076978,             0.91113,             0.81916,             0.87271,             0.40562,            0.042787,            0.033752,           0.0022252,            0.007525,            0.007525,            0.007525
                  27,            0.035842,            0.033053,          0.00082611,             0.91708,             0.82856,             0.88171,              0.4043,            0.042486,            0.033392,           0.0021435,            0.007426,            0.007426,            0.007426
                  28,             0.03542,            0.031884,          0.00086217,             0.91045,             0.83768,             0.88436,              0.4039,            0.042884,            0.033212,            0.002064,            0.007327,            0.007327,            0.007327
                  29,            0.035937,            0.032649,          0.00084942,             0.92609,              0.8447,             0.88959,             0.40553,            0.042371,            0.033306,               0.002,            0.007228,            0.007228,            0.007228
                  30,            0.035524,            0.032699,          0.00080458,             0.91644,             0.82928,             0.87519,             0.40027,            0.042968,            0.033344,           0.0026752,            0.007129,            0.007129,            0.007129
                  31,            0.035402,            0.032394,          0.00078682,             0.92744,             0.84248,             0.89273,             0.40885,            0.042655,            0.033146,           0.0023456,             0.00703,             0.00703,             0.00703
                  32,            0.034732,            0.032745,          0.00074265,              0.9162,             0.83799,             0.88712,             0.41183,            0.042423,            0.033437,           0.0020664,            0.006931,            0.006931,            0.006931
                  33,             0.03518,            0.032628,          0.00075568,              0.9197,             0.83125,             0.87923,             0.40154,            0.042829,            0.033548,           0.0018114,            0.006832,            0.006832,            0.006832
                  34,             0.03471,            0.031876,          0.00070573,             0.91568,             0.84113,             0.88164,             0.40525,            0.042684,            0.033759,           0.0020515,            0.006733,            0.006733,            0.006733
                  35,            0.034553,            0.032906,          0.00073206,             0.92063,             0.84339,              0.8883,             0.40623,             0.04236,            0.033629,           0.0020143,            0.006634,            0.006634,            0.006634
                  36,            0.034499,            0.032087,          0.00074734,             0.92029,              0.8384,               0.883,             0.40049,            0.042867,             0.03372,           0.0019985,            0.006535,            0.006535,            0.006535
                  37,            0.034044,             0.03165,           0.0006728,             0.92801,              0.8528,             0.89366,             0.41519,             0.04239,            0.033428,           0.0022707,            0.006436,            0.006436,            0.006436
                  38,            0.034283,            0.031371,          0.00074608,             0.92252,             0.84803,             0.88718,             0.40949,            0.043038,            0.033727,           0.0023423,            0.006337,            0.006337,            0.006337
                  39,            0.033707,            0.031877,          0.00073666,              0.9301,             0.83792,             0.89461,             0.41277,            0.042566,            0.034325,           0.0021764,            0.006238,            0.006238,            0.006238
                  40,            0.034012,            0.031556,          0.00063491,              0.9188,             0.83538,              0.8854,             0.40636,            0.042652,            0.034556,           0.0022188,            0.006139,            0.006139,            0.006139
                  41,             0.03356,             0.03083,          0.00067492,             0.91685,              0.8379,             0.88543,             0.40799,            0.042511,            0.034514,           0.0022832,             0.00604,             0.00604,             0.00604
                  42,            0.033426,            0.031014,          0.00064109,             0.91721,             0.84991,             0.88717,             0.41248,            0.042475,            0.034159,           0.0023848,            0.005941,            0.005941,            0.005941
                  43,            0.033386,             0.03124,          0.00066486,             0.91805,             0.84376,             0.88449,             0.40614,            0.042597,            0.034241,           0.0022699,            0.005842,            0.005842,            0.005842
                  44,            0.033051,            0.030564,          0.00066828,             0.92052,             0.83362,             0.88281,             0.40108,            0.043009,            0.034974,           0.0026196,            0.005743,            0.005743,            0.005743
                  45,            0.033091,             0.03169,          0.00065457,             0.92485,             0.84051,             0.88071,             0.40673,            0.042402,            0.034535,            0.002187,            0.005644,            0.005644,            0.005644
                  46,            0.032961,            0.030366,          0.00060139,             0.91956,             0.84449,              0.8837,             0.40855,            0.042815,            0.034777,            0.002604,            0.005545,            0.005545,            0.005545
                  47,            0.032745,            0.030735,          0.00055243,              0.9182,             0.82687,             0.87763,             0.40809,            0.042556,            0.035169,           0.0024303,            0.005446,            0.005446,            0.005446
                  48,            0.032542,            0.030696,          0.00057038,             0.91062,             0.84675,             0.88388,             0.40591,            0.042974,            0.034644,           0.0026832,            0.005347,            0.005347,            0.005347
                  49,             0.03239,            0.030421,          0.00057172,             0.91735,             0.83182,              0.8749,             0.40062,            0.043129,            0.034934,            0.002214,            0.005248,            0.005248,            0.005248
                  50,            0.032152,            0.029433,          0.00057923,             0.91595,             0.85359,             0.88893,             0.40039,            0.042947,            0.034716,           0.0021659,            0.005149,            0.005149,            0.005149
                  51,            0.031803,             0.02974,          0.00054425,             0.92048,             0.83914,              0.8864,             0.40505,            0.042797,            0.034974,           0.0023793,             0.00505,             0.00505,             0.00505
                  52,            0.031837,            0.029689,          0.00052693,             0.92239,             0.83753,             0.88468,             0.40338,            0.042773,            0.035476,            0.002725,            0.004951,            0.004951,            0.004951
                  53,            0.031456,            0.029729,           0.0005475,             0.92316,             0.83802,             0.88429,             0.40683,             0.04275,            0.035203,           0.0021357,            0.004852,            0.004852,            0.004852
                  54,            0.031485,            0.029444,          0.00049289,             0.92576,             0.83858,             0.88566,             0.40555,            0.042994,            0.035357,           0.0024258,            0.004753,            0.004753,            0.004753
                  55,            0.031058,            0.028984,          0.00050598,             0.92046,             0.83416,             0.87703,             0.40229,            0.042911,            0.035665,           0.0027988,            0.004654,            0.004654,            0.004654
                  56,             0.03099,            0.029512,           0.0005098,             0.91938,             0.84685,             0.88449,             0.40148,             0.04322,            0.035991,           0.0024894,            0.004555,            0.004555,            0.004555
                  57,            0.031279,            0.029098,          0.00055568,             0.91894,             0.84949,             0.89095,             0.40889,            0.042863,            0.035915,           0.0022746,            0.004456,            0.004456,            0.004456
                  58,            0.030846,            0.029253,          0.00054933,             0.91723,             0.85033,             0.88659,             0.40657,            0.043077,            0.035891,           0.0024773,            0.004357,            0.004357,            0.004357
                  59,            0.030527,            0.029051,          0.00049212,              0.9177,             0.85105,              0.8799,             0.40351,            0.042962,            0.036471,           0.0024463,            0.004258,            0.004258,            0.004258
                  60,            0.030483,            0.028881,          0.00048238,             0.92174,             0.84507,             0.88246,             0.40556,            0.042882,            0.036044,           0.0021752,            0.004159,            0.004159,            0.004159
                  61,            0.030456,            0.029139,           0.0005133,             0.91414,             0.83664,             0.87574,             0.40748,            0.042807,            0.036501,           0.0025372,             0.00406,             0.00406,             0.00406
                  62,            0.030011,            0.027959,          0.00047619,             0.90906,             0.85101,             0.88233,             0.40459,            0.042941,            0.036384,            0.002319,            0.003961,            0.003961,            0.003961
                  63,            0.029916,             0.02863,          0.00046472,             0.91634,             0.84004,             0.87759,             0.40381,            0.042956,            0.036793,            0.002454,            0.003862,            0.003862,            0.003862
                  64,            0.029849,            0.028757,          0.00045015,             0.92722,              0.8359,             0.88516,             0.40806,            0.042857,            0.036591,           0.0025068,            0.003763,            0.003763,            0.003763
                  65,            0.029531,            0.028144,           0.0004571,             0.92233,             0.84701,             0.88558,             0.40796,            0.042853,            0.037165,           0.0024882,            0.003664,            0.003664,            0.003664
                  66,            0.029431,            0.027775,          0.00044748,             0.92677,             0.84786,             0.88305,             0.40379,            0.042858,            0.037067,           0.0026476,            0.003565,            0.003565,            0.003565
                  67,            0.029628,            0.028418,          0.00046132,             0.92309,             0.84262,             0.88304,             0.40516,            0.042778,            0.037115,           0.0031015,            0.003466,            0.003466,            0.003466
                  68,            0.029532,             0.02855,          0.00044473,              0.9215,             0.84507,             0.88297,             0.40639,            0.042864,            0.036847,           0.0026195,            0.003367,            0.003367,            0.003367
                  69,            0.029038,            0.028069,          0.00042406,             0.92105,             0.83871,              0.8813,             0.40521,            0.042831,            0.037354,           0.0024141,            0.003268,            0.003268,            0.003268
                  70,            0.028951,            0.027407,          0.00044168,             0.92125,             0.85614,             0.88995,             0.40572,            0.042904,            0.037441,           0.0025897,            0.003169,            0.003169,            0.003169
                  71,            0.028979,            0.027383,          0.00046379,             0.92693,             0.83835,             0.88539,             0.40385,            0.042954,            0.037711,            0.002566,             0.00307,             0.00307,             0.00307
                  72,            0.028645,            0.026969,          0.00043664,             0.92366,              0.8408,             0.88101,             0.40232,            0.043244,            0.037827,            0.002504,            0.002971,            0.002971,            0.002971
                  73,            0.028656,            0.027749,          0.00040484,             0.92183,             0.84637,             0.88771,             0.40695,             0.04275,             0.03781,           0.0026116,            0.002872,            0.002872,            0.002872
                  74,            0.028021,            0.026625,          0.00041075,             0.90902,             0.85342,             0.88426,             0.40458,            0.043008,            0.037822,           0.0025843,            0.002773,            0.002773,            0.002773
                  75,             0.02836,            0.027611,          0.00039024,             0.92493,             0.84172,             0.88636,             0.40712,               0.043,            0.037895,           0.0026419,            0.002674,            0.002674,            0.002674
                  76,            0.028295,            0.026446,          0.00038413,             0.91709,             0.84654,             0.88677,             0.40386,            0.043092,            0.038016,           0.0025929,            0.002575,            0.002575,            0.002575
                  77,              0.0279,             0.02664,          0.00038194,             0.91237,             0.83976,             0.87774,             0.40417,            0.043128,            0.038429,           0.0027297,            0.002476,            0.002476,            0.002476
                  78,            0.027842,            0.027195,          0.00034781,              0.9198,              0.8386,             0.88183,             0.40509,            0.043161,             0.03861,           0.0024674,            0.002377,            0.002377,            0.002377
                  79,            0.027524,            0.026826,          0.00039412,             0.91453,             0.83878,             0.87977,             0.40366,            0.043116,            0.039246,           0.0024733,            0.002278,            0.002278,            0.002278
                  80,            0.027588,            0.026725,          0.00036162,             0.91574,             0.84691,             0.88025,             0.40547,            0.043094,            0.038919,           0.0025063,            0.002179,            0.002179,            0.002179
                  81,              0.0278,            0.026919,          0.00037062,             0.92095,             0.83794,             0.88145,             0.40447,            0.043157,            0.038922,           0.0026036,             0.00208,             0.00208,             0.00208
                  82,            0.027273,            0.025954,          0.00037489,              0.9235,             0.84473,             0.88562,             0.40586,            0.042969,            0.039169,           0.0024466,            0.001981,            0.001981,            0.001981
                  83,            0.027243,            0.026343,          0.00038037,             0.91083,             0.85082,             0.88492,             0.40411,            0.042999,            0.039325,           0.0023978,            0.001882,            0.001882,            0.001882
                  84,            0.026827,             0.02567,          0.00037951,             0.92421,             0.85432,             0.88679,             0.40553,            0.042942,            0.039399,           0.0025344,            0.001783,            0.001783,            0.001783
                  85,            0.026807,            0.025912,          0.00037383,             0.92308,             0.84801,             0.88409,             0.40403,             0.04306,            0.039668,           0.0025758,            0.001684,            0.001684,            0.001684
                  86,            0.026861,            0.026016,           0.0004171,             0.92595,             0.85173,             0.88742,             0.40563,            0.043023,            0.039446,           0.0024958,            0.001585,            0.001585,            0.001585
                  87,            0.026703,            0.026172,          0.00036326,               0.927,               0.844,             0.88745,             0.40673,            0.043047,            0.039632,           0.0024879,            0.001486,            0.001486,            0.001486
                  88,            0.026338,             0.02528,          0.00033763,             0.92896,             0.84076,             0.88853,             0.40561,            0.043112,            0.039723,            0.002584,            0.001387,            0.001387,            0.001387
                  89,            0.026241,            0.025198,          0.00031978,             0.92537,             0.84638,             0.88845,             0.40729,            0.043038,            0.039533,           0.0027959,            0.001288,            0.001288,            0.001288
                  90,            0.026595,            0.025193,          0.00036857,             0.92656,             0.84327,             0.88436,             0.40544,            0.043156,            0.039701,           0.0027697,            0.001189,            0.001189,            0.001189
                  91,            0.026076,            0.025441,          0.00031696,             0.92243,             0.84645,             0.88625,              0.4064,            0.043221,             0.03999,           0.0026878,             0.00109,             0.00109,             0.00109
                  92,            0.026063,            0.025584,          0.00030577,             0.91373,             0.84582,             0.88437,             0.40694,            0.043168,            0.040049,           0.0026507,            0.000991,            0.000991,            0.000991
                  93,            0.026148,            0.025468,          0.00032274,             0.91785,             0.85127,             0.88662,             0.40668,            0.043272,            0.040574,           0.0026485,            0.000892,            0.000892,            0.000892
                  94,            0.026418,            0.025311,          0.00032311,             0.91757,               0.848,             0.88682,             0.40603,            0.043306,            0.040631,           0.0026757,            0.000793,            0.000793,            0.000793
                  95,            0.025904,            0.025387,          0.00033832,             0.91633,              0.8539,             0.88656,             0.40673,            0.043302,            0.040593,           0.0027149,            0.000694,            0.000694,            0.000694
                  96,            0.025363,            0.024404,          0.00032023,             0.91999,             0.85103,             0.88899,             0.40714,            0.043215,            0.040747,           0.0026312,            0.000595,            0.000595,            0.000595
                  97,            0.025657,             0.02514,          0.00028876,             0.91657,              0.8453,             0.88261,             0.40679,            0.043225,            0.040859,           0.0026162,            0.000496,            0.000496,            0.000496
                  98,            0.025235,            0.024411,          0.00033404,             0.92473,             0.83926,             0.88339,             0.40666,            0.043255,            0.041095,           0.0025539,            0.000397,            0.000397,            0.000397
                  99,            0.025499,            0.024806,          0.00034972,             0.91439,             0.84744,             0.88421,             0.40599,            0.043256,            0.041227,           0.0025941,            0.000298,            0.000298,            0.000298
